{
    "$schema": "http://schema.management.azure.com/schemas/2015-01-01/deploymentTemplate.json#",
    "contentVersion": "1.0.0.0",
    "parameters": {
        "name": {
            "type": "string"
        },
        "location": {
            "type": "string"
        },
        "locationName": {
            "type": "string"
        },
        "defaultExperience": {
            "type": "string"
        }
    },
    "variables": {},
    "resources": [
        {
            "apiVersion": "2015-04-08",
            "kind": "GlobalDocumentDB",
            "type": "Microsoft.DocumentDb/databaseAccounts",
            "name": "[parameters('name')]",
            "location": "[parameters('location')]",
            "properties": {
                "databaseAccountOfferType": "Standard",
                "locations": [
                    {
                        "id": "[concat(parameters('name'), '-', parameters('location'))]",
                        "failoverPriority": 0,
                        "locationName": "[parameters('locationName')]"
                    }
                ],
                "enableMultipleWriteLocations": false,
                "isVirtualNetworkFilterEnabled": false,
                "virtualNetworkRules": [],
                "dependsOn": []
            },
            "tags": {
                "defaultExperience": "[parameters('defaultExperience')]",
                "OwnerContact": "USA-Technology-BackEnd@worldremit.com",
                "Team": "PlatformCompliance",
                "Project": "PC-30 - Alert management for out Compliance Service",
                "RunModel": "247"
            }
        }
    ],
    "outputs": {}
}